restaurant_id,date,customers,avg_check_size,revenue,is_weekend,temperature,humidity,precipitation,wind_speed,day_of_week,day_of_month,month,quarter,week_of_year,day_of_week_sin,day_of_week_cos,month_sin,month_cos
rest_001,2025-09-30,42,34.07566732480528,1431.1780276418217,0,42.48523759196141,25.98946210804688,0,13.435940372404614,1,30,9,3,40,0.7818314824680298,0.6234898018587336,-1.0,-1.8369701987210297e-16
rest_001,2025-10-01,39,39.23315529438442,1530.0930564809923,0,39.30886369942027,32.241110023380365,1,9.073777186075306,2,1,10,4,40,0.9749279121818236,-0.22252093395631434,-0.8660254037844386,0.5000000000000001
rest_001,2025-10-02,43,32.50541538402858,1397.732861513229,0,43.243072650905646,30.130553968220134,0,9.179789454151033,3,2,10,4,40,0.43388373911755823,-0.900968867902419,-0.8660254037844386,0.5000000000000001
rest_001,2025-10-03,67,29.89010562456048,2002.6370768455522,0,47.63014905724646,30.991760760694646,0,10.044335241071858,4,3,10,4,40,-0.433883739117558,-0.9009688679024191,-0.8660254037844386,0.5000000000000001
rest_001,2025-10-04,57,35.55698963618595,2026.7484092625994,1,38.86052470327204,22.30119373833405,0,6.261610177789789,5,4,10,4,40,-0.9749279121818236,-0.2225209339563146,-0.8660254037844386,0.5000000000000001
rest_001,2025-10-05,57,34.6509157355929,1975.1021969287956,1,38.88281575309099,30.298602280426316,0,11.267029945354322,6,5,10,4,40,-0.7818314824680299,0.6234898018587334,-0.8660254037844386,0.5000000000000001
rest_001,2025-10-06,47,38.42202266389477,1805.8350652030542,0,47.97768415459337,35.06160298951091,0,8.343600098646391,0,6,10,4,41,0.0,1.0,-0.8660254037844386,0.5000000000000001
rest_001,2025-10-07,43,38.668058410344,1662.726511644792,0,43.952815507885504,44.62707794007137,1,10.850436412996494,1,7,10,4,41,0.7818314824680298,0.6234898018587336,-0.8660254037844386,0.5000000000000001
rest_001,2025-10-08,38,35.83945258290734,1361.899198150479,0,37.80818388196659,39.74826407249342,0,7.406140620295009,2,8,10,4,41,0.9749279121818236,-0.22252093395631434,-0.8660254037844386,0.5000000000000001
rest_001,2025-10-09,42,32.35890340619115,1359.0739430600283,0,42.91415031618276,51.7331746733685,0,11.951834680193556,3,9,10,4,41,0.43388373911755823,-0.900968867902419,-0.8660254037844386,0.5000000000000001
rest_001,2025-10-10,56,36.51864147734626,2045.0439227313905,0,37.935922688057964,22.579535523239777,0,9.20403088107437,4,10,10,4,41,-0.433883739117558,-0.9009688679024191,-0.8660254037844386,0.5000000000000001
rest_001,2025-10-11,56,36.08644004942805,2020.8406427679706,1,37.98187489710687,39.03373003216494,1,14.54752107253126,5,11,10,4,41,-0.9749279121818236,-0.2225209339563146,-0.8660254037844386,0.5000000000000001
rest_001,2025-10-12,60,37.519725194367226,2251.1835116620337,1,41.58368195239798,32.20729065195133,1,6.89143514953331,6,12,10,4,41,-0.7818314824680299,0.6234898018587334,-0.8660254037844386,0.5000000000000001
rest_001,2025-10-13,32,32.394436166206305,1036.6219573186017,0,30.87663194659787,52.341062502063586,0,8.613648188272236,0,13,10,4,42,0.0,1.0,-0.8660254037844386,0.5000000000000001
rest_001,2025-10-14,33,34.07867630025519,1124.5963179084213,0,31.893401733986423,22.435008043000074,0,4.905271259389526,1,14,10,4,42,0.7818314824680298,0.6234898018587336,-0.8660254037844386,0.5000000000000001
rest_001,2025-10-15,51,37.308292312993174,1902.7229079626518,0,37.78728391676499,22.2015031411621,0,6.4121052873613404,2,15,10,4,42,0.9749279121818236,-0.22252093395631434,-0.8660254037844386,0.5000000000000001
rest_001,2025-10-16,36,39.92801104607262,1437.4083976586144,0,35.62104564523078,24.69127479246268,0,9.856059643543716,3,16,10,4,42,0.43388373911755823,-0.900968867902419,-0.8660254037844386,0.5000000000000001
rest_001,2025-10-17,60,38.929023128256546,2335.741387695393,0,42.34864098553035,20.0,1,11.387973312618502,4,17,10,4,42,-0.433883739117558,-0.9009688679024191,-0.8660254037844386,0.5000000000000001
rest_001,2025-10-18,53,35.79129479259243,1896.9386240073989,1,36.33518309055582,25.617753251354273,0,16.895031055162168,5,18,10,4,42,-0.9749279121818236,-0.2225209339563146,-0.8660254037844386,0.5000000000000001
rest_001,2025-10-19,50,33.769747665079926,1688.4873832539963,1,33.91735116742047,23.38754305855995,0,7.710113280130337,6,19,10,4,42,-0.7818314824680299,0.6234898018587334,-0.8660254037844386,0.5000000000000001
rest_001,2025-10-20,46,36.93356298331153,1698.9438972323305,0,48.41631609606492,32.59201011621922,0,5.200359777063207,0,20,10,4,43,0.0,1.0,-0.8660254037844386,0.5000000000000001
rest_001,2025-10-21,39,31.62556394760818,1233.396993956719,0,40.07399733872941,34.62043859893369,0,10.259977281131723,1,21,10,4,43,0.7818314824680298,0.6234898018587336,-0.8660254037844386,0.5000000000000001
rest_001,2025-10-22,41,32.59964489062383,1336.585440515577,0,41.66089644698111,50.08496381570036,0,4.616518338496082,2,22,10,4,43,0.9749279121818236,-0.22252093395631434,-0.8660254037844386,0.5000000000000001
rest_001,2025-10-23,35,40.859688159231666,1430.0890855731084,0,34.32542539734879,40.95340471027657,0,9.692832164080208,3,23,10,4,43,0.43388373911755823,-0.900968867902419,-0.8660254037844386,0.5000000000000001
rest_001,2025-10-24,55,36.92722240416657,2030.9972322291615,0,38.858660623041395,25.811537689043277,0,6.493232851417628,4,24,10,4,43,-0.433883739117558,-0.9009688679024191,-0.8660254037844386,0.5000000000000001
rest_001,2025-10-25,59,34.26628009510601,2021.7105256112548,1,42.27205318484266,22.73329352280975,0,8.63478491114118,5,25,10,4,43,-0.9749279121818236,-0.2225209339563146,-0.8660254037844386,0.5000000000000001
rest_001,2025-10-26,76,38.443442330277705,2921.7016171011055,1,36.104755856835766,36.77891545901234,0,11.273138306494001,6,26,10,4,43,-0.7818314824680299,0.6234898018587334,-0.8660254037844386,0.5000000000000001
rest_001,2025-10-27,42,40.06876112166606,1682.8879671099744,0,43.88587269868349,20.0,0,7.667799712757913,0,27,10,4,44,0.0,1.0,-0.8660254037844386,0.5000000000000001
rest_001,2025-10-28,38,33.92153666822798,1289.0183933926633,0,39.15717962121501,50.47496072935257,0,10.798637252985865,1,28,10,4,44,0.7818314824680298,0.6234898018587336,-0.8660254037844386,0.5000000000000001
rest_001,2025-10-29,39,33.98270180430436,1325.3253703678702,0,40.86018105216634,44.11305100834559,0,10.619475645857447,2,29,10,4,44,0.9749279121818236,-0.22252093395631434,-0.8660254037844386,0.5000000000000001
rest_001,2025-10-30,38,33.53810750461813,1274.448085175489,0,39.473632835968154,27.79040937606809,0,2.407005415072716,3,30,10,4,44,0.43388373911755823,-0.900968867902419,-0.8660254037844386,0.5000000000000001
rest_001,2025-10-31,109,38.92166863143953,4242.461880826909,0,51.91226382795274,20.0,0,5.295197761893283,4,31,10,4,44,-0.433883739117558,-0.9009688679024191,-0.8660254037844386,0.5000000000000001
rest_001,2025-11-01,59,38.95612893869644,2298.4116073830896,1,42.75723471079427,46.36344457613807,0,3.314579415813585,5,1,11,4,44,-0.9749279121818236,-0.2225209339563146,-0.5000000000000004,0.8660254037844384
rest_001,2025-11-02,53,40.4199567905834,2142.25770990092,1,37.71510352466994,31.858259716923264,0,14.005211307590406,6,2,11,4,44,-0.7818314824680299,0.6234898018587334,-0.5000000000000004,0.8660254037844384
rest_001,2025-11-03,44,39.08054047196337,1719.5437807663882,0,47.300356447826374,45.56579500704505,0,7.683824223688021,0,3,11,4,45,0.0,1.0,-0.5000000000000004,0.8660254037844384
rest_001,2025-11-04,36,29.705625818028757,1069.4025294490352,0,37.272369222828736,20.0,1,13.342487638899927,1,4,11,4,45,0.7818314824680298,0.6234898018587336,-0.5000000000000004,0.8660254037844384
rest_001,2025-11-05,41,36.497423339259605,1496.3943569096439,0,44.61478690897549,27.57671870441398,0,3.10114315837405,2,5,11,4,45,0.9749279121818236,-0.22252093395631434,-0.5000000000000004,0.8660254037844384
rest_001,2025-11-06,33,31.742731819892963,1047.5101500564679,0,33.97086820045391,33.82165581703461,0,6.281694726354423,3,6,11,4,45,0.43388373911755823,-0.900968867902419,-0.5000000000000004,0.8660254037844384
rest_001,2025-11-07,51,33.67915396885147,1717.636852411425,0,37.33184799201431,34.442584174153886,0,10.401494725297917,4,7,11,4,45,-0.433883739117558,-0.9009688679024191,-0.5000000000000004,0.8660254037844384
rest_001,2025-11-08,60,36.105609422712064,2166.336565362724,1,45.16539304421007,29.68043215007202,0,8.537823813280053,5,8,11,4,45,-0.9749279121818236,-0.2225209339563146,-0.5000000000000004,0.8660254037844384
rest_001,2025-11-09,63,38.46625716414216,2423.374201340956,1,48.08641587856153,40.62258230205946,0,9.598579678440377,6,9,11,4,45,-0.7818314824680299,0.6234898018587334,-0.5000000000000004,0.8660254037844384
rest_001,2025-11-10,41,32.33750613429867,1325.8377515062455,0,45.46854486827109,23.935499168495294,0,4.238575298620229,0,10,11,4,46,0.0,1.0,-0.5000000000000004,0.8660254037844384
rest_001,2025-11-11,40,27.247245201843974,1089.889808073759,0,44.25564241848755,33.41008898021581,0,12.130410478636788,1,11,11,4,46,0.7818314824680298,0.6234898018587336,-0.5000000000000004,0.8660254037844384
rest_001,2025-11-12,39,36.140884488409284,1409.4944950479621,0,43.55503976812245,36.26351456318788,0,10.331048287271868,2,12,11,4,46,0.9749279121818236,-0.22252093395631434,-0.5000000000000004,0.8660254037844384
rest_001,2025-11-13,35,44.884679121064856,1570.96376923727,0,37.899049588883145,40.43604788130777,0,9.204876516474421,3,13,11,4,46,0.43388373911755823,-0.900968867902419,-0.5000000000000004,0.8660254037844384
rest_001,2025-11-14,55,34.77989592017096,1912.8942756094027,0,41.92789819210821,42.643268014970644,1,5.943169156754577,4,14,11,4,46,-0.433883739117558,-0.9009688679024191,-0.5000000000000004,0.8660254037844384
rest_001,2025-11-15,56,35.66654979407342,1997.3267884681113,1,43.46367369956556,24.520446635985806,0,8.971400382817835,5,15,11,4,46,-0.9749279121818236,-0.2225209339563146,-0.5000000000000004,0.8660254037844384
rest_001,2025-11-16,65,41.82668084580308,2718.7342549772,1,51.29644459006163,20.669691751610834,0,7.1255300630195295,6,16,11,4,46,-0.7818314824680299,0.6234898018587334,-0.5000000000000004,0.8660254037844384
rest_001,2025-11-17,42,37.59547489766935,1579.0099457021126,0,47.97703610336895,49.03571287451174,0,3.048526369886715,0,17,11,4,47,0.0,1.0,-0.5000000000000004,0.8660254037844384
rest_001,2025-11-18,34,36.26985668128943,1233.1751271638407,0,37.69592684652741,39.834267743137,0,7.848731444835537,1,18,11,4,47,0.7818314824680298,0.6234898018587336,-0.5000000000000004,0.8660254037844384
rest_001,2025-11-19,42,37.06951416186283,1556.9195947982387,0,48.3877274821284,29.282442269588888,0,7.529808805332422,2,19,11,4,47,0.9749279121818236,-0.22252093395631434,-0.5000000000000004,0.8660254037844384
rest_001,2025-11-20,39,36.38836596063645,1419.1462724648215,0,45.10199737721878,52.538928534525596,0,11.18720452962536,3,20,11,4,47,0.43388373911755823,-0.900968867902419,-0.5000000000000004,0.8660254037844384
rest_001,2025-11-21,55,31.453871780043695,1729.9629479024031,0,43.906743980666654,38.44810032512503,0,1.2967206730573921,4,21,11,4,47,-0.433883739117558,-0.9009688679024191,-0.5000000000000004,0.8660254037844384
rest_001,2025-11-22,63,30.737869689811074,1936.4857904580977,1,50.61744647538698,49.35203687182091,1,8.705599486564102,5,22,11,4,47,-0.9749279121818236,-0.2225209339563146,-0.5000000000000004,0.8660254037844384
rest_001,2025-11-23,65,42.198239798041044,2742.885586872668,1,52.98546021017723,38.50564741179856,1,4.533295855682848,6,23,11,4,47,-0.7818314824680299,0.6234898018587334,-0.5000000000000004,0.8660254037844384
rest_001,2025-11-24,45,36.15278589926331,1626.8753654668487,0,52.761866856365714,58.712945509604594,0,8.957670026586639,0,24,11,4,48,0.0,1.0,-0.5000000000000004,0.8660254037844384
rest_001,2025-11-25,37,35.85533882115793,1326.6475363828433,0,44.18790691481078,55.93740295535601,0,9.122840166731917,1,25,11,4,48,0.7818314824680298,0.6234898018587336,-0.5000000000000004,0.8660254037844384
rest_001,2025-11-26,40,35.17969179260046,1407.1876717040184,0,47.11990299492156,36.176323389386894,0,7.739465668609425,2,26,11,4,48,0.9749279121818236,-0.22252093395631434,-0.5000000000000004,0.8660254037844384
rest_001,2025-11-27,42,38.272810100038406,1607.458024201613,0,50.60761089366541,48.66700324619114,0,10.421879374433253,3,27,11,4,48,0.43388373911755823,-0.900968867902419,-0.5000000000000004,0.8660254037844384
rest_001,2025-11-28,65,44.51235341116808,2893.302971725925,0,54.117622204845816,45.69365606508549,0,4.262701822700903,4,28,11,4,48,-0.433883739117558,-0.9009688679024191,-0.5000000000000004,0.8660254037844384
rest_001,2025-11-29,57,37.36003196823267,2129.521822189262,1,47.13581666346255,53.21800342801248,1,11.323161350845101,5,29,11,4,48,-0.9749279121818236,-0.2225209339563146,-0.5000000000000004,0.8660254037844384
rest_001,2025-11-30,58,33.41229176658334,1937.9129224618337,1,48.898286239638836,30.177346517156874,0,5.875763401417576,6,30,11,4,48,-0.7818314824680299,0.6234898018587334,-0.5000000000000004,0.8660254037844384
rest_001,2025-12-01,44,35.02642695448502,1541.1627859973407,0,44.59281412677031,46.98500359678484,1,3.3323040485303137,0,1,12,4,49,0.0,1.0,-2.4492935982947064e-16,1.0
rest_001,2025-12-02,43,39.30203745857865,1689.987610718882,0,44.44429007728088,51.009568066180115,0,7.182812088500573,1,2,12,4,49,0.7818314824680298,0.6234898018587336,-2.4492935982947064e-16,1.0
rest_001,2025-12-03,53,33.431057864983856,1771.8460668441444,0,54.79162369391397,23.141599717711834,0,1.7145274319600436,2,3,12,4,49,0.9749279121818236,-0.22252093395631434,-2.4492935982947064e-16,1.0
rest_001,2025-12-04,56,38.52547503605745,2157.426602019217,0,57.8166133080459,29.202828038534033,0,8.762521676738606,3,4,12,4,49,0.43388373911755823,-0.900968867902419,-2.4492935982947064e-16,1.0
rest_001,2025-12-05,71,27.261382322377635,1935.5581448888122,0,50.9844375410897,20.952166371390362,1,7.222248672259323,4,5,12,4,49,-0.433883739117558,-0.9009688679024191,-2.4492935982947064e-16,1.0
rest_001,2025-12-06,79,34.68392752136533,2740.030274187861,1,56.67379243721378,38.962059603308084,0,11.701060764128107,5,6,12,4,49,-0.9749279121818236,-0.2225209339563146,-2.4492935982947064e-16,1.0
rest_001,2025-12-07,74,37.729897047856376,2792.0123815413717,1,53.7784203411187,49.145662773840144,1,9.946772631520986,6,7,12,4,49,-0.7818314824680299,0.6234898018587334,-2.4492935982947064e-16,1.0
rest_001,2025-12-08,46,40.00894569034379,1840.4115017558145,0,49.061133102102225,57.31030239608813,0,3.8240109884359694,0,8,12,4,50,0.0,1.0,-2.4492935982947064e-16,1.0
rest_001,2025-12-09,80,32.59441652949951,2607.553322359961,0,54.41248716972861,43.346456946384286,0,5.484837526646344,1,9,12,4,50,0.7818314824680298,0.6234898018587336,-2.4492935982947064e-16,1.0
rest_001,2025-12-10,57,30.165184187411356,1719.4154986824474,0,60.6166603888024,59.21263301218548,1,9.561993261602627,2,10,12,4,50,0.9749279121818236,-0.22252093395631434,-2.4492935982947064e-16,1.0
rest_001,2025-12-11,49,34.574390164634046,1694.1451180670683,0,53.07041181256797,29.448527425968813,0,10.541237029955104,3,11,12,4,50,0.43388373911755823,-0.900968867902419,-2.4492935982947064e-16,1.0
rest_001,2025-12-12,83,31.504762522498545,2614.895289367379,0,61.39782504522273,26.54078237260115,0,11.667502744660641,4,12,12,4,50,-0.433883739117558,-0.9009688679024191,-2.4492935982947064e-16,1.0
rest_001,2025-12-13,53,34.970919833110166,1853.4587511548389,1,40.802849986425485,43.34609851790802,0,11.643527855916044,5,13,12,4,50,-0.9749279121818236,-0.2225209339563146,-2.4492935982947064e-16,1.0
rest_001,2025-12-14,78,35.47638023605911,2767.1576584126105,1,58.339863864263926,48.07100583178088,1,7.7314321692562835,6,14,12,4,50,-0.7818314824680299,0.6234898018587334,-2.4492935982947064e-16,1.0
rest_001,2025-12-15,50,30.817035089533096,1540.8517544766548,0,54.99607219050875,44.233889368376964,1,9.087966866753506,0,15,12,4,51,0.0,1.0,-2.4492935982947064e-16,1.0
rest_001,2025-12-16,48,38.35575884089357,1841.0764243628914,0,53.3978973453469,24.218513097277473,0,11.89621551183139,1,16,12,4,51,0.7818314824680298,0.6234898018587336,-2.4492935982947064e-16,1.0
rest_001,2025-12-17,50,34.9418906785562,1747.0945339278098,0,55.68534856255852,44.33534428475312,0,7.0900746141921545,2,17,12,4,51,0.9749279121818236,-0.22252093395631434,-2.4492935982947064e-16,1.0
rest_001,2025-12-18,40,39.335632534968994,1573.4253013987598,0,45.6237251669122,32.51687473486813,1,9.13917856082037,3,18,12,4,51,0.43388373911755823,-0.900968867902419,-2.4492935982947064e-16,1.0
rest_001,2025-12-19,70,28.950586396948868,2026.5410477864207,0,54.79955056344005,52.594635490928,0,7.019357660961045,4,19,12,4,51,-0.433883739117558,-0.9009688679024191,-2.4492935982947064e-16,1.0
rest_001,2025-12-20,75,31.888967794563865,2391.6725845922897,1,58.02102866069385,49.90144826410361,0,6.347155656603719,5,20,12,4,51,-0.9749279121818236,-0.2225209339563146,-2.4492935982947064e-16,1.0
rest_001,2025-12-21,83,37.334176045700836,3098.7366117931692,1,63.96360734007803,37.175339253096894,1,8.14515535485741,6,21,12,4,51,-0.7818314824680299,0.6234898018587334,-2.4492935982947064e-16,1.0
rest_001,2025-12-22,47,32.66315747357031,1535.1684012578046,0,54.32247249534614,41.775154413347444,0,5.937369645981226,0,22,12,4,52,0.0,1.0,-2.4492935982947064e-16,1.0
rest_001,2025-12-23,46,34.91589841392358,1606.1313270404846,0,53.211956543268755,36.66228933884518,0,7.607252081690752,1,23,12,4,52,0.7818314824680298,0.6234898018587336,-2.4492935982947064e-16,1.0
rest_001,2025-12-24,47,35.50248186732797,1668.6166477644147,0,55.08705388409026,46.96904812928123,0,4.895135406403602,2,24,12,4,52,0.9749279121818236,-0.22252093395631434,-2.4492935982947064e-16,1.0
rest_001,2025-12-25,54,36.061808732384456,1947.3376715487607,0,62.51497663956166,57.489389256063674,1,7.430016838452861,3,25,12,4,52,0.43388373911755823,-0.900968867902419,-2.4492935982947064e-16,1.0
rest_001,2025-12-26,75,33.09463994479534,2482.0979958596504,0,59.92445957354949,38.42344356189563,1,9.345170880847585,4,26,12,4,52,-0.433883739117558,-0.9009688679024191,-2.4492935982947064e-16,1.0
rest_001,2025-12-27,68,36.02996730032729,2450.037776422256,1,55.975150445118395,53.664416619132034,1,6.233709391379612,5,27,12,4,52,-0.9749279121818236,-0.2225209339563146,-2.4492935982947064e-16,1.0
rest_001,2025-12-28,76,32.72196984641759,2486.869708327737,1,61.533943821101694,43.66503047181051,0,8.027875257592738,6,28,12,4,52,-0.7818314824680299,0.6234898018587334,-2.4492935982947064e-16,1.0
rest_001,2025-12-29,50,37.89369566405105,1894.6847832025526,0,59.79695551428529,41.38283944492164,1,8.418027780863794,0,29,12,4,1,0.0,1.0,-2.4492935982947064e-16,1.0
rest_001,2025-12-30,55,35.09230373083527,1930.07670519594,0,64.49895782954773,48.58542927733772,1,9.357604675464005,1,30,12,4,1,0.7818314824680298,0.6234898018587336,-2.4492935982947064e-16,1.0
rest_001,2025-12-31,46,36.05038001376409,1658.317480633148,0,56.489734530613255,39.64757677580627,0,7.5992604760843525,2,31,12,4,1,0.9749279121818236,-0.22252093395631434,-2.4492935982947064e-16,1.0
rest_001,2026-01-01,48,44.62324028090069,2141.915533483233,0,58.70595639012785,44.80777406964487,1,11.257599025603417,3,1,1,1,1,0.43388373911755823,-0.900968867902419,0.49999999999999994,0.8660254037844387
rest_001,2026-01-02,70,31.569779186169924,2209.8845430318947,0,58.72789146679413,38.70965330656643,0,1.6972434156442464,4,2,1,1,1,-0.433883739117558,-0.9009688679024191,0.49999999999999994,0.8660254037844387
rest_001,2026-01-03,62,40.42946705509302,2506.6269574157673,1,53.71481860380449,70.67964467362897,0,16.81325854150332,5,3,1,1,1,-0.9749279121818236,-0.2225209339563146,0.49999999999999994,0.8660254037844387
rest_001,2026-01-04,75,26.059302682474726,1954.4477011856045,1,62.856649921369275,51.728684055763686,0,5.386598707887449,6,4,1,1,1,-0.7818314824680299,0.6234898018587334,0.49999999999999994,0.8660254037844387
rest_001,2026-01-05,51,28.121762875037753,1434.2099066269254,0,63.02457233564838,44.72204089482308,0,9.210170070062233,0,5,1,1,2,0.0,1.0,0.49999999999999994,0.8660254037844387
rest_001,2026-01-06,50,31.095727724209123,1554.7863862104562,0,62.087601232161,54.201833056290916,0,5.184596269382454,1,6,1,1,2,0.7818314824680298,0.6234898018587336,0.49999999999999994,0.8660254037844387
rest_001,2026-01-07,49,31.319774303273974,1534.6689408604248,0,61.23122523111132,51.28088040107876,0,9.932804478527904,2,7,1,1,2,0.9749279121818236,-0.22252093395631434,0.49999999999999994,0.8660254037844387
rest_001,2026-01-08,43,36.223141383392914,1557.5950794858952,0,55.668721732013225,50.53587944693307,0,8.829707457784783,3,8,1,1,2,0.43388373911755823,-0.900968867902419,0.49999999999999994,0.8660254037844387
rest_001,2026-01-09,70,36.528940037798066,2557.0258026458646,0,60.98294979945882,59.227843413719874,0,6.047859387964731,4,9,1,1,2,-0.433883739117558,-0.9009688679024191,0.49999999999999994,0.8660254037844387
rest_001,2026-01-10,70,34.595384497278104,2421.6769148094672,1,61.712290300995704,61.0009399841026,0,11.219262036230939,5,10,1,1,2,-0.9749279121818236,-0.2225209339563146,0.49999999999999994,0.8660254037844387
rest_001,2026-01-11,67,34.96793321799326,2342.8515256055484,1,59.75314785075679,48.45952272075961,0,7.508117361194236,6,11,1,1,2,-0.7818314824680299,0.6234898018587334,0.49999999999999994,0.8660254037844387
rest_001,2026-01-12,49,37.3735649013074,1831.3046801640623,0,63.29566143904234,48.34390759092558,0,9.641647814171012,0,12,1,1,3,0.0,1.0,0.49999999999999994,0.8660254037844387
rest_001,2026-01-13,52,38.457944765553634,1999.813127808789,0,66.458684544156,51.68791328856687,1,5.248520584411891,1,13,1,1,3,0.7818314824680298,0.6234898018587336,0.49999999999999994,0.8660254037844387
rest_001,2026-01-14,60,30.790786492810355,1847.4471895686213,0,74.20438482617165,31.75424367276315,0,7.90733709328526,2,14,1,1,3,0.9749279121818236,-0.22252093395631434,0.49999999999999994,0.8660254037844387
rest_001,2026-01-15,51,34.21528705212284,1744.979639658265,0,65.97995496648294,39.95515528033822,0,14.010221801546313,3,15,1,1,3,0.43388373911755823,-0.900968867902419,0.49999999999999994,0.8660254037844387
rest_001,2026-01-16,75,35.252956128658816,2643.9717096494114,0,66.72691510429593,69.10790582512736,1,10.88889658734239,4,16,1,1,3,-0.433883739117558,-0.9009688679024191,0.49999999999999994,0.8660254037844387
rest_001,2026-01-17,103,37.22287178778961,3833.9557941423295,1,65.39741907878134,72.21932579262501,0,8.922862266353155,5,17,1,1,3,-0.9749279121818236,-0.2225209339563146,0.49999999999999994,0.8660254037844387
rest_001,2026-01-18,59,32.75703164492918,1932.6648670508216,1,56.50456841663057,53.608064097562,0,6.653237517170612,6,18,1,1,3,-0.7818314824680299,0.6234898018587334,0.49999999999999994,0.8660254037844387
rest_001,2026-01-19,50,35.18326482664248,1759.163241332124,0,66.2928238566012,62.19096286440495,0,8.202495607625027,0,19,1,1,4,0.0,1.0,0.49999999999999994,0.8660254037844387
rest_001,2026-01-20,51,35.60644190257141,1815.928537031142,0,67.0516090415874,59.86295953731762,1,8.592697970517145,1,20,1,1,4,0.7818314824680298,0.6234898018587336,0.49999999999999994,0.8660254037844387
rest_001,2026-01-21,63,32.99913113271867,2078.945261361276,0,79.38973300595387,87.86233052807981,0,9.347685304759235,2,21,1,1,4,0.9749279121818236,-0.22252093395631434,0.49999999999999994,0.8660254037844387
rest_001,2026-01-22,49,32.91448121768501,1612.8095796665655,0,66.43268603390786,68.59023997215922,1,4.770018475467004,3,22,1,1,4,0.43388373911755823,-0.900968867902419,0.49999999999999994,0.8660254037844387
rest_001,2026-01-23,75,35.850547510612536,2688.79106329594,0,69.2210048365402,56.43409221006448,0,10.005223882827096,4,23,1,1,4,-0.433883739117558,-0.9009688679024191,0.49999999999999994,0.8660254037844387
rest_001,2026-01-24,73,35.03727473174541,2557.7210554174153,1,67.85620093559325,48.474355378115206,1,4.731220705116042,5,24,1,1,4,-0.9749279121818236,-0.2225209339563146,0.49999999999999994,0.8660254037844387
rest_001,2026-01-25,64,37.27669519394325,2385.708492412368,1,62.50048186414868,42.27940884967062,1,12.893377556845616,6,25,1,1,4,-0.7818314824680299,0.6234898018587334,0.49999999999999994,0.8660254037844387
rest_001,2026-01-26,56,31.760931541710264,1778.6121663357749,0,74.36962592358373,60.690148209680856,1,5.685115032749365,0,26,1,1,5,0.0,1.0,0.49999999999999994,0.8660254037844387
rest_001,2026-01-27,54,34.2550805760303,1849.7743511056362,0,72.72425199824208,51.40107938196518,0,8.889884959028526,1,27,1,1,5,0.7818314824680298,0.6234898018587336,0.49999999999999994,0.8660254037844387
rest_001,2026-01-28,55,34.686283016984746,1907.745565934161,0,73.22616515327225,45.048468322080275,1,11.015427719834054,2,28,1,1,5,0.9749279121818236,-0.22252093395631434,0.49999999999999994,0.8660254037844387
rest_001,2026-01-29,46,38.3892168738388,1765.9039761965846,0,65.02773952834207,53.10894795989051,0,7.242859869606651,3,29,1,1,5,0.43388373911755823,-0.900968867902419,0.49999999999999994,0.8660254037844387
rest_001,2026-01-30,129,32.161531100283945,4148.837511936629,0,76.88948255788004,49.060030967055596,0,9.021800057299576,4,30,1,1,5,-0.433883739117558,-0.9009688679024191,0.49999999999999994,0.8660254037844387
rest_001,2026-01-31,63,36.33301461830055,2288.9799209529347,1,63.16416356308068,77.04483522776773,0,12.305544647570155,5,31,1,1,5,-0.9749279121818236,-0.2225209339563146,0.49999999999999994,0.8660254037844387
rest_001,2026-02-01,65,36.3972820517595,2365.8233333643675,1,73.40259761631236,69.28470971680551,1,9.693208963679798,6,1,2,1,5,-0.7818314824680299,0.6234898018587334,0.8660254037844386,0.5000000000000001
rest_001,2026-02-02,51,41.344710211513906,2108.5802207872093,0,81.71238155981588,60.680377017599824,1,9.066651889023058,0,2,2,1,6,0.0,1.0,0.8660254037844386,0.5000000000000001
rest_001,2026-02-03,38,31.924832756712775,1213.1436447550855,0,66.09602463769895,75.84814765225266,1,2.945643815538614,1,3,2,1,6,0.7818314824680298,0.6234898018587336,0.8660254037844386,0.5000000000000001
rest_001,2026-02-04,40,33.1668217206829,1326.6728688273158,0,68.5025464778085,62.107718202298535,0,5.198833241779332,2,4,2,1,6,0.9749279121818236,-0.22252093395631434,0.8660254037844386,0.5000000000000001
rest_001,2026-02-05,43,32.17238732810721,1383.4126551086101,0,72.11426229451422,53.00316345579338,0,11.140760382950036,3,5,2,1,6,0.43388373911755823,-0.900968867902419,0.8660254037844386,0.5000000000000001
rest_001,2026-02-06,58,29.572283939157177,1715.1924684711164,0,69.37715546863427,77.12577451191184,0,9.709850916024147,4,6,2,1,6,-0.433883739117558,-0.9009688679024191,0.8660254037844386,0.5000000000000001
rest_001,2026-02-07,52,41.76463861663265,2171.761208064898,1,64.41622024697186,67.55863783914911,0,10.164398821355222,5,7,2,1,6,-0.9749279121818236,-0.2225209339563146,0.8660254037844386,0.5000000000000001
rest_001,2026-02-08,62,31.092670630130613,1927.7455790680979,1,72.78374984284748,52.06847342555279,0,9.906190796644692,6,8,2,1,6,-0.7818314824680299,0.6234898018587334,0.8660254037844386,0.5000000000000001
rest_001,2026-02-09,38,32.6021157978553,1238.8804003185014,0,67.39712744917303,60.805259236967466,0,11.869269585126123,0,9,2,1,7,0.0,1.0,0.8660254037844386,0.5000000000000001
rest_001,2026-02-10,44,40.170971104401666,1767.5227285936733,0,75.34055337387554,54.21640868685205,0,7.215800225134632,1,10,2,1,7,0.7818314824680298,0.6234898018587336,0.8660254037844386,0.5000000000000001
rest_001,2026-02-11,57,29.276469983369335,1668.7587890520522,0,68.63557119367654,49.4046950552022,0,8.361499876367903,2,11,2,1,7,0.9749279121818236,-0.22252093395631434,0.8660254037844386,0.5000000000000001
rest_001,2026-02-12,49,38.185048070970204,1871.06735547754,0,81.23854440174661,72.75064785197533,0,4.913977000612748,3,12,2,1,7,0.43388373911755823,-0.900968867902419,0.8660254037844386,0.5000000000000001
rest_001,2026-02-13,56,30.48376357403669,1707.0907601460547,0,69.82478888279215,82.83522174917465,0,4.165932249690872,4,13,2,1,7,-0.433883739117558,-0.9009688679024191,0.8660254037844386,0.5000000000000001
rest_001,2026-02-14,59,39.92576631468003,2355.620212566122,1,72.37885896000456,50.00349080284153,0,3.0687778532358267,5,14,2,1,7,-0.9749279121818236,-0.2225209339563146,0.8660254037844386,0.5000000000000001
rest_001,2026-02-15,66,27.796934211004952,1834.597657926327,1,78.30071853248384,69.8628248125412,1,5.344509503000457,6,15,2,1,7,-0.7818314824680299,0.6234898018587334,0.8660254037844386,0.5000000000000001
rest_001,2026-02-16,37,29.275183572310148,1083.1817921754755,0,68.31855918374848,57.96645507469998,0,12.657685446468925,0,16,2,1,8,0.0,1.0,0.8660254037844386,0.5000000000000001
rest_001,2026-02-17,43,33.565526065895874,1443.3176208335226,0,75.84564013230036,59.83708662163275,0,3.341818796551887,1,17,2,1,8,0.7818314824680298,0.6234898018587336,0.8660254037844386,0.5000000000000001
rest_001,2026-02-18,48,38.949970550113214,1869.5985864054342,0,81.47515552534324,59.015502511542415,0,7.089392043268407,2,18,2,1,8,0.9749279121818236,-0.22252093395631434,0.8660254037844386,0.5000000000000001
rest_001,2026-02-19,35,35.39009821024016,1238.6534373584057,0,67.12869999676512,56.52620847277309,0,4.120564029061527,3,19,2,1,8,0.43388373911755823,-0.900968867902419,0.8660254037844386,0.5000000000000001
rest_001,2026-02-20,63,34.30821149125267,2161.4173239489182,0,76.31146583034028,65.87351281712702,1,6.197078110989917,4,20,2,1,8,-0.433883739117558,-0.9009688679024191,0.8660254037844386,0.5000000000000001
rest_001,2026-02-21,63,40.278456936499744,2537.5427869994837,1,76.90533099265762,57.29641585730513,1,8.50908137705606,5,21,2,1,8,-0.9749279121818236,-0.2225209339563146,0.8660254037844386,0.5000000000000001
rest_001,2026-02-22,66,43.15110036143741,2847.9726238548687,1,79.7280274940221,68.52348139293393,0,5.899652380384976,6,22,2,1,8,-0.7818314824680299,0.6234898018587334,0.8660254037844386,0.5000000000000001
rest_001,2026-02-23,37,37.88651335966889,1401.8009943077489,0,69.84246820910312,65.52484066900216,0,11.268994595049383,0,23,2,1,9,0.0,1.0,0.8660254037844386,0.5000000000000001
rest_001,2026-02-24,37,33.28886651399044,1231.6880610176463,0,69.62849811472583,63.84130071148312,1,12.6019343625487,1,24,2,1,9,0.7818314824680298,0.6234898018587336,0.8660254037844386,0.5000000000000001
rest_001,2026-02-25,45,34.015592229267085,1530.701650317019,0,79.03923889413278,57.35389444563231,1,1.2527128158321825,2,25,2,1,9,0.9749279121818236,-0.22252093395631434,0.8660254037844386,0.5000000000000001
rest_001,2026-02-26,44,30.926011801861495,1360.7445192819057,0,78.10833589348209,60.85569922163283,0,5.951023008946632,3,26,2,1,9,0.43388373911755823,-0.900968867902419,0.8660254037844386,0.5000000000000001
rest_001,2026-02-27,63,35.857901849001884,2259.047816487119,0,78.06483236441895,74.36628037094712,0,8.177426366817267,4,27,2,1,9,-0.433883739117558,-0.9009688679024191,0.8660254037844386,0.5000000000000001
rest_001,2026-02-28,64,29.714944899784037,1901.7564735861783,1,78.72858287803544,72.00551370679437,0,11.378351078046142,5,28,2,1,9,-0.9749279121818236,-0.2225209339563146,0.8660254037844386,0.5000000000000001
rest_001,2026-03-01,57,37.45911597634873,2135.1696106518775,1,73.7751555576236,57.39972671753055,1,6.637267174540213,6,1,3,1,9,-0.7818314824680299,0.6234898018587334,1.0,6.123233995736766e-17
rest_001,2026-03-02,44,42.61978786202184,1875.2706659289609,0,78.51039558039696,68.3424501488842,0,7.940193814262569,0,2,3,1,10,0.0,1.0,1.0,6.123233995736766e-17
rest_001,2026-03-03,44,38.04745010826533,1674.0878047636745,0,78.98319646937827,75.03170533660276,1,4.529767324844154,1,3,3,1,10,0.7818314824680298,0.6234898018587336,1.0,6.123233995736766e-17
rest_001,2026-03-04,40,33.83452559330798,1353.3810237323191,0,74.10959310873544,50.98729738765356,0,3.4016124432129633,2,4,3,1,10,0.9749279121818236,-0.22252093395631434,1.0,6.123233995736766e-17
rest_001,2026-03-05,51,37.370627814842855,1905.9020185569857,0,87.16849948491475,73.27322885299031,0,12.336154068748801,3,5,3,1,10,0.43388373911755823,-0.900968867902419,1.0,6.123233995736766e-17
rest_001,2026-03-06,65,41.25289373033886,2681.438092472026,0,80.3617819976038,61.3663798035864,0,2.5277903783211895,4,6,3,1,10,-0.433883739117558,-0.9009688679024191,1.0,6.123233995736766e-17
rest_001,2026-03-07,54,41.07525595517704,2218.06382157956,1,72.18375877003947,73.8462629419843,0,14.985857025264698,5,7,3,1,10,-0.9749279121818236,-0.2225209339563146,1.0,6.123233995736766e-17
rest_001,2026-03-08,66,31.936659484950034,2107.8195260067023,1,81.56532780687581,60.649968198281506,0,10.175454198145225,6,8,3,1,10,-0.7818314824680299,0.6234898018587334,1.0,6.123233995736766e-17
rest_001,2026-03-09,38,37.31155218301725,1417.8389829546554,0,73.54601740319609,50.3706047476875,0,10.039919226550268,0,9,3,1,11,0.0,1.0,1.0,6.123233995736766e-17
rest_001,2026-03-10,46,34.93873971025079,1607.1820266715365,0,82.48625669029619,52.2754092927523,0,9.72640600248329,1,10,3,1,11,0.7818314824680298,0.6234898018587336,1.0,6.123233995736766e-17
rest_001,2026-03-11,69,38.363406030093586,2647.0750160764574,0,84.46972247149553,69.15759404307232,1,7.241942935997108,2,11,3,1,11,0.9749279121818236,-0.22252093395631434,1.0,6.123233995736766e-17
rest_001,2026-03-12,39,36.861829536049534,1437.6113519059318,0,74.69370956707935,71.39434617605274,0,9.176253589102608,3,12,3,1,11,0.43388373911755823,-0.900968867902419,1.0,6.123233995736766e-17
rest_001,2026-03-13,68,27.08748899633021,1841.9492517504543,0,83.72880839476446,59.86876149749877,0,7.433309936646574,4,13,3,1,11,-0.433883739117558,-0.9009688679024191,1.0,6.123233995736766e-17
rest_001,2026-03-14,65,34.26455354364622,2227.1959803370046,1,81.08503496058556,75.40705491367682,1,9.659219829321438,5,14,3,1,11,-0.9749279121818236,-0.2225209339563146,1.0,6.123233995736766e-17
rest_001,2026-03-15,67,36.204882188281836,2425.727106614883,1,83.23499733181056,52.50949590914851,1,7.898940419273852,6,15,3,1,11,-0.7818314824680299,0.6234898018587334,1.0,6.123233995736766e-17
rest_001,2026-03-16,51,30.4080043665861,1550.8082226958911,0,88.70656059071575,68.56179769097284,1,5.148955450694795,0,16,3,1,12,0.0,1.0,1.0,6.123233995736766e-17
rest_001,2026-03-17,42,37.56262813502425,1577.6303816710183,0,78.08785817308274,57.20463675547253,1,5.388282151214732,1,17,3,1,12,0.7818314824680298,0.6234898018587336,1.0,6.123233995736766e-17
rest_001,2026-03-18,40,30.089745891869043,1203.5898356747616,0,75.6325976152427,62.88291735900855,0,5.047182874122489,2,18,3,1,12,0.9749279121818236,-0.22252093395631434,1.0,6.123233995736766e-17
rest_001,2026-03-19,39,32.665541381669456,1273.9561138851088,0,75.03443695532079,69.95599581661254,0,10.912702195802929,3,19,3,1,12,0.43388373911755823,-0.900968867902419,1.0,6.123233995736766e-17
rest_001,2026-03-20,57,40.261657314935476,2294.914466951322,0,75.47791540528596,60.95283317727362,1,6.147660162622706,4,20,3,1,12,-0.433883739117558,-0.9009688679024191,1.0,6.123233995736766e-17
rest_001,2026-03-21,62,32.362588849531846,2006.4805086709744,1,79.24062085836167,65.78057396313393,0,2.2636905167454193,5,21,3,1,12,-0.9749279121818236,-0.2225209339563146,1.0,6.123233995736766e-17
rest_001,2026-03-22,64,37.537582705165946,2402.4052931306205,1,81.39523620912506,79.75240442718625,0,9.190515997546417,6,22,3,1,12,-0.7818314824680299,0.6234898018587334,1.0,6.123233995736766e-17
rest_001,2026-03-23,44,29.27481330142416,1288.091785262663,0,81.13044284452981,63.97807015264823,1,12.543552687768745,0,23,3,1,13,0.0,1.0,1.0,6.123233995736766e-17
rest_001,2026-03-24,47,42.888667031516256,2015.767350481264,0,83.93456614692718,78.15557102239849,0,10.31924956753258,1,24,3,1,13,0.7818314824680298,0.6234898018587336,1.0,6.123233995736766e-17
rest_001,2026-03-25,43,34.418834583370234,1480.0098870849201,0,79.90945364774817,58.54737564178245,0,6.190029304334863,2,25,3,1,13,0.9749279121818236,-0.22252093395631434,1.0,6.123233995736766e-17
rest_001,2026-03-26,49,35.8383888646644,1756.0810543685557,0,87.15202852366563,75.18239991703187,0,3.2395648532147323,3,26,3,1,13,0.43388373911755823,-0.900968867902419,1.0,6.123233995736766e-17
rest_001,2026-03-27,61,36.13558062774882,2204.270418292678,0,78.5950957567538,84.3340661295226,0,7.597195689927468,4,27,3,1,13,-0.433883739117558,-0.9009688679024191,1.0,6.123233995736766e-17
rest_001,2026-03-28,79,37.65686236837632,2974.89212710173,1,93.5473452951112,45.23005446089021,0,7.522328365709869,5,28,3,1,13,-0.9749279121818236,-0.2225209339563146,1.0,6.123233995736766e-17
rest_001,2026-03-29,66,30.10691106039907,1987.0561299863386,1,83.09704516193631,61.99975586840651,0,5.092401169058702,6,29,3,1,13,-0.7818314824680299,0.6234898018587334,1.0,6.123233995736766e-17
rest_001,2026-03-30,39,35.48105552852984,1383.761165612664,0,75.69921244271225,75.75572149659907,1,9.653111906727613,0,30,3,1,14,0.0,1.0,1.0,6.123233995736766e-17
rest_001,2026-03-31,38,33.16137066847618,1260.1320854020948,0,74.64090754929225,67.96491617916789,0,13.539879502491418,1,31,3,1,14,0.7818314824680298,0.6234898018587336,1.0,6.123233995736766e-17
rest_001,2026-04-01,45,29.50207184742214,1327.5932331339964,0,82.41217687093973,73.71127352843689,0,8.666848152374852,2,1,4,2,14,0.9749279121818236,-0.22252093395631434,0.8660254037844387,-0.49999999999999983
rest_001,2026-04-02,42,39.00428381045692,1638.1799200391906,0,78.8810192464655,63.958481305936544,1,8.481428620996537,3,2,4,2,14,0.43388373911755823,-0.900968867902419,0.8660254037844387,-0.49999999999999983
rest_001,2026-04-03,67,34.249785908221455,2294.7356558508372,0,83.56092808420762,70.85682348847615,1,5.188315853498532,4,3,4,2,14,-0.433883739117558,-0.9009688679024191,0.8660254037844387,-0.49999999999999983
rest_001,2026-04-04,89,36.36094751092445,3236.124328472276,1,82.3437824345684,68.42082195777988,1,12.192244109181116,5,4,4,2,14,-0.9749279121818236,-0.2225209339563146,0.8660254037844387,-0.49999999999999983
rest_001,2026-04-05,62,36.13845123648461,2240.583976662046,1,79.59419865402347,81.63616383390591,1,7.774567499569949,6,5,4,2,14,-0.7818314824680299,0.6234898018587334,0.8660254037844387,-0.49999999999999983
rest_001,2026-04-06,39,34.311274433064796,1338.1397028895271,0,75.69920944474137,72.47738646809553,0,6.263110234417487,0,6,4,2,15,0.0,1.0,0.8660254037844387,-0.49999999999999983
rest_001,2026-04-07,37,42.51134710538928,1572.9198428994032,0,72.32787009858464,73.27813284276598,0,8.191065180954848,1,7,4,2,15,0.7818314824680298,0.6234898018587336,0.8660254037844387,-0.49999999999999983
rest_001,2026-04-08,41,35.33221048316702,1448.6206298098477,0,77.63256222501317,65.74636732412361,0,9.415883999739828,2,8,4,2,15,0.9749279121818236,-0.22252093395631434,0.8660254037844387,-0.49999999999999983
rest_001,2026-04-09,47,29.96926927224783,1408.555655795648,0,84.10427525148646,64.94621903914415,0,8.417646225934709,3,9,4,2,15,0.43388373911755823,-0.900968867902419,0.8660254037844387,-0.49999999999999983
rest_001,2026-04-10,64,34.07864617134922,2181.03335496635,0,80.84402052529784,65.44796992645061,0,11.618460187011776,4,10,4,2,15,-0.433883739117558,-0.9009688679024191,0.8660254037844387,-0.49999999999999983
rest_001,2026-04-11,55,37.274068551397995,2050.0737703268896,1,73.49026910571668,73.66348442305959,0,9.151914657640587,5,11,4,2,15,-0.9749279121818236,-0.2225209339563146,0.8660254037844387,-0.49999999999999983
rest_001,2026-04-12,64,37.390712638265455,2393.005608848989,1,80.52443566885555,65.448686231397,0,7.148174567352395,6,12,4,2,15,-0.7818314824680299,0.6234898018587334,0.8660254037844387,-0.49999999999999983
rest_001,2026-04-13,45,31.638377679820746,1423.7269955919335,0,81.51886073155399,72.49002240187393,0,9.20357664898067,0,13,4,2,16,0.0,1.0,0.8660254037844387,-0.49999999999999983
rest_001,2026-04-14,39,38.79966290107393,1513.1868531418831,0,75.1009238316417,90.27421899910175,0,9.498911303377872,1,14,4,2,16,0.7818314824680298,0.6234898018587336,0.8660254037844387,-0.49999999999999983
rest_001,2026-04-15,68,29.241822402507808,1988.443923370531,0,80.21098946230887,78.15361096689816,0,4.110872242208474,2,15,4,2,16,0.9749279121818236,-0.22252093395631434,0.8660254037844387,-0.49999999999999983
rest_001,2026-04-16,44,39.561679969288285,1740.7139186486845,0,79.64979925271128,66.09852033880287,0,11.448259184791144,3,16,4,2,16,0.43388373911755823,-0.900968867902419,0.8660254037844387,-0.49999999999999983
rest_001,2026-04-17,78,30.81631499356221,2403.6725694978522,0,73.55455948212986,81.28155019292242,0,7.097287941915923,4,17,4,2,16,-0.433883739117558,-0.9009688679024191,0.8660254037844387,-0.49999999999999983
rest_001,2026-04-18,65,34.6968294725192,2255.293915713748,1,80.96329314148734,65.09360260953041,1,7.17403032948371,5,18,4,2,16,-0.9749279121818236,-0.2225209339563146,0.8660254037844387,-0.49999999999999983
rest_001,2026-04-19,66,39.279218806994784,2592.4284412616557,1,81.8775425644501,48.69237458083038,0,10.254127961227837,6,19,4,2,16,-0.7818314824680299,0.6234898018587334,0.8660254037844387,-0.49999999999999983
rest_001,2026-04-20,48,35.924600124549094,1724.3808059783564,0,84.3824878161198,58.88636849106938,0,10.241495672778743,0,20,4,2,17,0.0,1.0,0.8660254037844387,-0.49999999999999983
rest_001,2026-04-21,48,38.39927973788318,1843.1654274183925,0,84.12423312798292,50.147303657549855,0,5.897504963401743,1,21,4,2,17,0.7818314824680298,0.6234898018587336,0.8660254037844387,-0.49999999999999983
rest_001,2026-04-22,37,37.69624995697026,1394.7612484078998,0,71.84928008612317,65.22249208549555,1,10.408704854437058,2,22,4,2,17,0.9749279121818236,-0.22252093395631434,0.8660254037844387,-0.49999999999999983
rest_001,2026-04-23,39,40.06625357758634,1562.583889525867,0,73.92535342118397,68.7986624126551,0,6.318655545531428,3,23,4,2,17,0.43388373911755823,-0.900968867902419,0.8660254037844387,-0.49999999999999983
rest_001,2026-04-24,66,39.270844970743674,2591.8757680690824,0,81.06099077990517,85.2501875666147,0,13.458719140095967,4,24,4,2,17,-0.433883739117558,-0.9009688679024191,0.8660254037844387,-0.49999999999999983
rest_001,2026-04-25,66,33.88920770469563,2236.6877085099113,1,80.92060227574892,71.6209462588295,0,5.515418056202709,5,25,4,2,17,-0.9749279121818236,-0.2225209339563146,0.8660254037844387,-0.49999999999999983
rest_001,2026-04-26,66,37.7469427999668,2491.298224797809,1,80.78733103341456,66.02108731379568,0,8.71843238511769,6,26,4,2,17,-0.7818314824680299,0.6234898018587334,0.8660254037844387,-0.49999999999999983
rest_001,2026-04-27,60,30.080740890973,1804.84445345838,0,97.3307734997673,76.36117185832859,1,5.653947089277178,0,27,4,2,18,0.0,1.0,0.8660254037844387,-0.49999999999999983
rest_001,2026-04-28,46,35.29443757895086,1623.5441286317396,0,80.77123836816402,45.80543272461934,1,14.668086887405225,1,28,4,2,18,0.7818314824680298,0.6234898018587336,0.8660254037844387,-0.49999999999999983
rest_001,2026-04-29,49,38.40562080796682,1881.8754195903741,0,83.43897465349285,70.11729203367551,0,4.286537167738652,2,29,4,2,18,0.9749279121818236,-0.22252093395631434,0.8660254037844387,-0.49999999999999983
rest_001,2026-04-30,48,35.9751591725733,1726.8076402835184,0,82.37025289693672,75.30889601834038,1,9.573088241758732,3,30,4,2,18,0.43388373911755823,-0.900968867902419,0.8660254037844387,-0.49999999999999983
rest_001,2026-05-01,67,37.085571046885654,2484.7332601413386,0,80.69108263071543,52.64826391638802,1,5.7952687565666015,4,1,5,2,18,-0.433883739117558,-0.9009688679024191,0.49999999999999994,-0.8660254037844387
rest_001,2026-05-02,61,34.74288306532144,2119.315866984608,1,75.6864963377965,78.7003829930675,0,6.9376770756560395,5,2,5,2,18,-0.9749279121818236,-0.2225209339563146,0.49999999999999994,-0.8660254037844387
rest_001,2026-05-03,68,39.508196503249756,2686.5573622209836,1,80.88128949746287,70.47140746994067,1,9.360613501235527,6,3,5,2,18,-0.7818314824680299,0.6234898018587334,0.49999999999999994,-0.8660254037844387
rest_001,2026-05-04,40,35.214524003333075,1408.580960133323,0,73.04085507437341,62.75210200805325,0,11.673753312878429,0,4,5,2,19,0.0,1.0,0.49999999999999994,-0.8660254037844387
rest_001,2026-05-05,43,33.84765185246561,1455.4490296560211,0,75.5344165546727,73.04632824943559,0,12.870189686897136,1,5,5,2,19,0.7818314824680298,0.6234898018587336,0.49999999999999994,-0.8660254037844387
rest_001,2026-05-06,41,38.64713681462014,1584.5326093994258,0,74.10026623533267,89.23401255252215,0,3.3891561199210383,2,6,5,2,19,0.9749279121818236,-0.22252093395631434,0.49999999999999994,-0.8660254037844387
rest_001,2026-05-07,44,30.511682275606166,1342.5140201266713,0,76.74013172584993,68.14942357950326,1,8.803253673093387,3,7,5,2,19,0.43388373911755823,-0.900968867902419,0.49999999999999994,-0.8660254037844387
rest_001,2026-05-08,78,37.278668369486574,2907.7361328199527,0,87.70289175978644,68.61180478942225,0,12.378480810150565,4,8,5,2,19,-0.433883739117558,-0.9009688679024191,0.49999999999999994,-0.8660254037844387
rest_001,2026-05-09,51,31.79917869649366,1621.7581135211765,1,66.58733131269358,61.330048280249876,1,2.9440671837141785,5,9,5,2,19,-0.9749279121818236,-0.2225209339563146,0.49999999999999994,-0.8660254037844387
rest_001,2026-05-10,68,40.03664024379549,2722.4915365780935,1,79.14429805344686,57.21455340692637,1,8.943150482164542,6,10,5,2,19,-0.7818314824680299,0.6234898018587334,0.49999999999999994,-0.8660254037844387
rest_001,2026-05-11,37,34.573353250973874,1279.2140702860333,0,67.43410147139255,73.80103899278328,0,7.993748607739448,0,11,5,2,20,0.0,1.0,0.49999999999999994,-0.8660254037844387
rest_001,2026-05-12,42,35.979195758909896,1511.1262218742156,0,72.91811292686369,56.71693399672219,1,9.243625443139365,1,12,5,2,20,0.7818314824680298,0.6234898018587336,0.49999999999999994,-0.8660254037844387
rest_001,2026-05-13,49,36.964624908086634,1811.266620496245,0,80.49808953547699,65.76899892283409,0,5.683087924020574,2,13,5,2,20,0.9749279121818236,-0.22252093395631434,0.49999999999999994,-0.8660254037844387
rest_001,2026-05-14,44,28.64961968308474,1260.5832660557285,0,75.14584031244924,60.047865749320756,0,3.6931435153596794,3,14,5,2,20,0.43388373911755823,-0.900968867902419,0.49999999999999994,-0.8660254037844387
rest_001,2026-05-15,57,33.190423812473156,1891.8541573109699,0,69.20242719208322,69.38094933919366,0,2.260680724462925,4,15,5,2,20,-0.433883739117558,-0.9009688679024191,0.49999999999999994,-0.8660254037844387
rest_001,2026-05-16,59,39.204587977967265,2313.0706907000686,1,70.7770197272194,67.69015932638872,0,10.929151860386309,5,16,5,2,20,-0.9749279121818236,-0.2225209339563146,0.49999999999999994,-0.8660254037844387
rest_001,2026-05-17,68,38.58056583580665,2623.4784768348522,1,77.50966094681694,74.48707164472255,1,11.312147409450061,6,17,5,2,20,-0.7818314824680299,0.6234898018587334,0.49999999999999994,-0.8660254037844387
rest_001,2026-05-18,41,36.50476432915302,1496.6953374952739,0,70.21379137915386,58.76546054919208,1,8.908056046987957,0,18,5,2,21,0.0,1.0,0.49999999999999994,-0.8660254037844387
rest_001,2026-05-19,45,30.70940432143939,1381.9231944647725,0,74.6977611374502,60.91671883660661,0,6.397554950935711,1,19,5,2,21,0.7818314824680298,0.6234898018587336,0.49999999999999994,-0.8660254037844387
rest_001,2026-05-20,44,37.578537286047954,1653.45564058611,0,73.58913648378974,53.5736401264476,0,3.1308623196027634,2,20,5,2,21,0.9749279121818236,-0.22252093395631434,0.49999999999999994,-0.8660254037844387
rest_001,2026-05-21,59,38.03256854522933,2243.9215441685305,0,69.84512540615263,58.660194543420594,0,9.690036387515072,3,21,5,2,21,0.43388373911755823,-0.900968867902419,0.49999999999999994,-0.8660254037844387
rest_001,2026-05-22,77,35.666911106589296,2746.3521552073757,0,83.5608147113579,66.61409919517979,0,4.697662151489945,4,22,5,2,21,-0.433883739117558,-0.9009688679024191,0.49999999999999994,-0.8660254037844387
rest_001,2026-05-23,68,39.84225687459967,2709.2734674727776,1,75.74485140350674,70.1451424583702,1,5.866104125718387,5,23,5,2,21,-0.9749279121818236,-0.2225209339563146,0.49999999999999994,-0.8660254037844387
rest_001,2026-05-24,51,33.07381714503806,1686.7646743969412,1,62.17997906597852,53.084038757490305,0,6.240307761311844,6,24,5,2,21,-0.7818314824680299,0.6234898018587334,0.49999999999999994,-0.8660254037844387
rest_001,2026-05-25,45,33.690005599875086,1516.0502519943789,0,72.96475283834558,70.72854046555506,0,7.407394322909096,0,25,5,2,22,0.0,1.0,0.49999999999999994,-0.8660254037844387
rest_001,2026-05-26,41,26.679628894245358,1093.8647846640597,0,68.44677272200752,75.31208363389898,0,5.722878658374055,1,26,5,2,22,0.7818314824680298,0.6234898018587336,0.49999999999999994,-0.8660254037844387
rest_001,2026-05-27,48,38.76538766102421,1860.738607729162,0,75.7376120320676,65.6097943903235,0,8.100376312976907,2,27,5,2,22,0.9749279121818236,-0.22252093395631434,0.49999999999999994,-0.8660254037844387
rest_001,2026-05-28,40,36.614209970318974,1464.568398812759,0,67.22918155604003,79.95974337378419,1,6.134545098480826,3,28,5,2,22,0.43388373911755823,-0.900968867902419,0.49999999999999994,-0.8660254037844387
rest_001,2026-05-29,63,29.529537845777035,1860.3608842839533,0,70.33112656347852,53.16691677977729,0,10.104119194517668,4,29,5,2,22,-0.433883739117558,-0.9009688679024191,0.49999999999999994,-0.8660254037844387
rest_001,2026-05-30,67,29.256973550020778,1960.2172278513922,1,73.13953735814096,48.16805393012449,1,11.09318874196416,5,30,5,2,22,-0.9749279121818236,-0.2225209339563146,0.49999999999999994,-0.8660254037844387
rest_001,2026-05-31,69,32.40216127283291,2235.749127825471,1,74.65002379116765,42.53404533127427,0,8.325628028085315,6,31,5,2,22,-0.7818314824680299,0.6234898018587334,0.49999999999999994,-0.8660254037844387
rest_001,2026-06-01,47,38.31748569403025,1800.921827619422,0,64.02335423363664,74.98527938380735,1,9.387879006143308,0,1,6,2,23,0.0,1.0,1.2246467991473532e-16,-1.0
rest_001,2026-06-02,51,34.433720267285366,1756.1197336315536,0,68.05294796296906,66.26911070571438,0,14.35356784887767,1,2,6,2,23,0.7818314824680298,0.6234898018587336,1.2246467991473532e-16,-1.0
rest_001,2026-06-03,50,32.643006445855846,1632.1503222927922,0,67.0484635976725,58.86734344437273,0,4.482190229416052,2,3,6,2,23,0.9749279121818236,-0.22252093395631434,1.2246467991473532e-16,-1.0
rest_001,2026-06-04,50,31.928288579553588,1596.4144289776793,0,65.85148770730062,61.91782013336738,1,4.299595696159683,3,4,6,2,23,0.43388373911755823,-0.900968867902419,1.2246467991473532e-16,-1.0
rest_001,2026-06-05,122,31.769262549709936,3875.8500310646123,0,77.63764688841538,47.555485214026135,0,10.084993702330625,4,5,6,2,23,-0.433883739117558,-0.9009688679024191,1.2246467991473532e-16,-1.0
rest_001,2026-06-06,80,28.63544203106816,2290.8353624854526,1,70.52491535419587,82.95752659555936,1,13.839628512544296,5,6,6,2,23,-0.9749279121818236,-0.2225209339563146,1.2246467991473532e-16,-1.0
rest_001,2026-06-07,67,31.21374479765537,2091.32090144291,1,61.882699404637194,59.479330996064704,0,7.218504314183832,6,7,6,2,23,-0.7818314824680299,0.6234898018587334,1.2246467991473532e-16,-1.0
rest_001,2026-06-08,58,31.699447817146055,1838.5679733944712,0,72.46111526840322,58.96575347917826,0,13.180501526656283,0,8,6,2,24,0.0,1.0,1.2246467991473532e-16,-1.0
rest_001,2026-06-09,65,37.92331248942287,2465.0153118124863,0,78.16494028914246,64.81182554306622,0,8.28930115638047,1,9,6,2,24,0.7818314824680298,0.6234898018587336,1.2246467991473532e-16,-1.0
rest_001,2026-06-10,59,34.91168316132951,2059.789306518441,0,72.39660091735108,62.044366931962486,0,5.957338153882755,2,10,6,2,24,0.9749279121818236,-0.22252093395631434,1.2246467991473532e-16,-1.0
rest_001,2026-06-11,45,32.56917380728801,1465.6128213279605,0,59.3153964236446,59.151086496205984,0,5.0279228340868904,3,11,6,2,24,0.43388373911755823,-0.900968867902419,1.2246467991473532e-16,-1.0
rest_001,2026-06-12,73,43.699515781691964,3190.064652063513,0,64.16699928015935,48.68342509003749,0,9.888240754660362,4,12,6,2,24,-0.433883739117558,-0.9009688679024191,1.2246467991473532e-16,-1.0
rest_001,2026-06-13,123,33.143165956909336,4076.6094126998482,1,72.59669656464966,60.976824390076494,0,5.25512279665191,5,13,6,2,24,-0.9749279121818236,-0.2225209339563146,1.2246467991473532e-16,-1.0
rest_001,2026-06-14,72,39.64321534606191,2854.311504916457,1,62.3959090573759,74.75450135022015,0,8.243830528301084,6,14,6,2,24,-0.7818314824680299,0.6234898018587334,1.2246467991473532e-16,-1.0
rest_001,2026-06-15,56,41.25493538014639,2310.276381288198,0,67.82371064471545,69.0588139655341,0,12.750395076152282,0,15,6,2,25,0.0,1.0,1.2246467991473532e-16,-1.0
rest_001,2026-06-16,57,29.92664080131643,1705.8185256750367,0,69.14648012170683,71.2051761209541,1,7.079658821385888,1,16,6,2,25,0.7818314824680298,0.6234898018587336,1.2246467991473532e-16,-1.0
rest_001,2026-06-17,48,35.762568522461166,1716.603289078136,0,60.305791251728294,49.828286845306856,1,11.942028423931697,2,17,6,2,25,0.9749279121818236,-0.22252093395631434,1.2246467991473532e-16,-1.0
rest_001,2026-06-18,53,33.66275553927581,1784.1260435816178,0,64.30848662430324,44.710065202026435,1,4.35636953082078,3,18,6,2,25,0.43388373911755823,-0.900968867902419,1.2246467991473532e-16,-1.0
rest_001,2026-06-19,52,33.37381839221436,1735.4385563951469,0,48.064081608450564,53.012549107799444,0,6.398272696049601,4,19,6,2,25,-0.433883739117558,-0.9009688679024191,1.2246467991473532e-16,-1.0
rest_001,2026-06-20,69,37.471587699664525,2585.5395512768523,1,58.81151958920008,54.49070691875848,0,3.7785679213552505,5,20,6,2,25,-0.9749279121818236,-0.2225209339563146,1.2246467991473532e-16,-1.0
rest_001,2026-06-21,75,33.28880973769734,2496.660730327301,1,62.332490957545446,64.53724689922073,1,8.218990267920073,6,21,6,2,25,-0.7818314824680299,0.6234898018587334,1.2246467991473532e-16,-1.0
rest_001,2026-06-22,47,33.739309885541026,1585.7475646204282,0,57.017224348946094,36.33149396162215,0,10.34023453914975,0,22,6,2,26,0.0,1.0,1.2246467991473532e-16,-1.0
rest_001,2026-06-23,62,34.90319212053021,2163.997911472873,0,71.07804045805568,68.21148713300364,0,8.225561262818559,1,23,6,2,26,0.7818314824680298,0.6234898018587336,1.2246467991473532e-16,-1.0
rest_001,2026-06-24,46,34.17443259726318,1572.0238994741062,0,55.424256659248464,50.99488456326173,0,11.681150179910455,2,24,6,2,26,0.9749279121818236,-0.22252093395631434,1.2246467991473532e-16,-1.0
rest_001,2026-06-25,51,31.333825765106955,1598.0251140204548,0,60.032957708948985,47.9643694429597,0,5.75246227811261,3,25,6,2,26,0.43388373911755823,-0.900968867902419,1.2246467991473532e-16,-1.0
rest_001,2026-06-26,79,38.32546809220853,3027.711979284474,0,62.54443788277444,41.7696912437423,1,8.676028261067202,4,26,6,2,26,-0.433883739117558,-0.9009688679024191,1.2246467991473532e-16,-1.0
rest_001,2026-06-27,89,39.222284831701984,3490.7833500214765,1,68.75409602999984,34.99916286601157,0,6.417592029158431,5,27,6,2,26,-0.9749279121818236,-0.2225209339563146,1.2246467991473532e-16,-1.0
rest_001,2026-06-28,66,36.71984599285002,2423.509835528101,1,54.024954791418665,59.43597138693501,0,9.085029756270965,6,28,6,2,26,-0.7818314824680299,0.6234898018587334,1.2246467991473532e-16,-1.0
rest_001,2026-06-29,60,34.163238088870955,2049.7942853322575,0,66.67626342086541,51.59362433197465,0,9.511208138637278,0,29,6,2,27,0.0,1.0,1.2246467991473532e-16,-1.0
rest_001,2026-06-30,54,32.99650188602928,1781.811101845581,0,60.56753410964059,37.61675980713212,1,9.747187879952188,1,30,6,2,27,0.7818314824680298,0.6234898018587336,1.2246467991473532e-16,-1.0
rest_001,2026-07-01,48,33.002148776611115,1584.1031412773336,0,55.26459668253402,37.22135221713761,0,4.788216985293194,2,1,7,3,27,0.9749279121818236,-0.22252093395631434,-0.4999999999999998,-0.8660254037844388
rest_001,2026-07-02,56,43.86868609586612,2456.6464213685026,0,62.138377433542594,46.47001306932496,0,5.330761694640294,3,2,7,3,27,0.43388373911755823,-0.900968867902419,-0.4999999999999998,-0.8660254037844388
rest_001,2026-07-03,79,38.829325970561584,3067.516751674365,0,60.4789296733247,66.17384644835127,0,5.8871368754264335,4,3,7,3,27,-0.433883739117558,-0.9009688679024191,-0.4999999999999998,-0.8660254037844388
rest_001,2026-07-04,73,32.51760922102915,2373.7854731351276,1,56.13847095411542,46.543641826273344,1,7.283357756400208,5,4,7,3,27,-0.9749279121818236,-0.2225209339563146,-0.4999999999999998,-0.8660254037844388
rest_001,2026-07-05,78,36.084677287401846,2814.604828417344,1,59.14474487763424,33.76430492150308,0,8.261559212619291,6,5,7,3,27,-0.7818314824680299,0.6234898018587334,-0.4999999999999998,-0.8660254037844388
rest_001,2026-07-06,52,34.213000660897265,1779.0760343666577,0,56.52570243102194,45.994839774471295,0,10.124267365570029,0,6,7,3,28,0.0,1.0,-0.4999999999999998,-0.8660254037844388
rest_001,2026-07-07,54,37.57249133535483,2028.914532109161,0,58.67685172991225,45.38202930617931,0,5.4557039019823055,1,7,7,3,28,0.7818314824680298,0.6234898018587336,-0.4999999999999998,-0.8660254037844388
rest_001,2026-07-08,57,37.42942181490216,2133.4770434494235,0,61.07747323017134,20.797953428150397,0,3.196942106894743,2,8,7,3,28,0.9749279121818236,-0.22252093395631434,-0.4999999999999998,-0.8660254037844388
rest_001,2026-07-09,62,39.34681427136442,2439.5024848245944,0,65.35512053167514,46.88208778577026,0,14.46722948962037,3,9,7,3,28,0.43388373911755823,-0.900968867902419,-0.4999999999999998,-0.8660254037844388
rest_001,2026-07-10,68,32.48052457174921,2208.675670878946,0,50.894938567468266,44.77467075951573,0,4.6056409380427095,4,10,7,3,28,-0.433883739117558,-0.9009688679024191,-0.4999999999999998,-0.8660254037844388
rest_001,2026-07-11,128,35.871810310165365,4591.591719701167,1,67.409026614511,53.70592338936385,1,10.508971168986655,5,11,7,3,28,-0.9749279121818236,-0.2225209339563146,-0.4999999999999998,-0.8660254037844388
rest_001,2026-07-12,63,29.29265820340078,1845.437466814249,1,46.64422928787624,64.8942292349422,0,8.093800631746024,6,12,7,3,28,-0.7818314824680299,0.6234898018587334,-0.4999999999999998,-0.8660254037844388
rest_001,2026-07-13,53,31.0364419334776,1644.9314224743127,0,55.307616728950556,57.33219249960605,0,8.75391692241914,0,13,7,3,29,0.0,1.0,-0.4999999999999998,-0.8660254037844388
rest_001,2026-07-14,57,38.63855796978509,2202.3978042777503,0,58.671167723626965,43.040694785655774,1,7.995348482492291,1,14,7,3,29,0.7818314824680298,0.6234898018587336,-0.4999999999999998,-0.8660254037844388
rest_001,2026-07-15,55,32.12507254051109,1766.8789897281101,0,56.798845934062925,34.32862750797106,0,6.845474354158624,2,15,7,3,29,0.9749279121818236,-0.22252093395631434,-0.4999999999999998,-0.8660254037844388
rest_001,2026-07-16,51,32.51477376693011,1658.2534621134357,0,51.946058791278325,70.7931544228799,0,9.391916848770377,3,16,7,3,29,0.43388373911755823,-0.900968867902419,-0.4999999999999998,-0.8660254037844388
rest_001,2026-07-17,76,35.470612835347325,2695.7665754863965,0,53.68607889365348,45.318874485584736,0,6.684238381228113,4,17,7,3,29,-0.433883739117558,-0.9009688679024191,-0.4999999999999998,-0.8660254037844388
rest_001,2026-07-18,74,37.966401659505216,2809.513722803386,1,51.93038182272151,44.534679415145135,0,11.49890824171037,5,18,7,3,29,-0.9749279121818236,-0.2225209339563146,-0.4999999999999998,-0.8660254037844388
rest_001,2026-07-19,74,31.73406487478896,2348.320800734383,1,51.11891982980914,43.82449274343016,1,9.705323018768462,6,19,7,3,29,-0.7818314824680299,0.6234898018587334,-0.4999999999999998,-0.8660254037844388
rest_001,2026-07-20,59,23.143128657901702,1365.4445908162004,0,57.985869666388595,45.718706788962024,0,9.79878233984448,0,20,7,3,30,0.0,1.0,-0.4999999999999998,-0.8660254037844388
rest_001,2026-07-21,56,32.410707490390536,1814.99961946187,0,55.19690778533463,41.96822623626997,1,6.478630819830229,1,21,7,3,30,0.7818314824680298,0.6234898018587336,-0.4999999999999998,-0.8660254037844388
rest_001,2026-07-22,50,39.77997967673257,1988.9989838366287,0,49.62320577028206,37.35113367778297,0,7.290935788733012,2,22,7,3,30,0.9749279121818236,-0.22252093395631434,-0.4999999999999998,-0.8660254037844388
rest_001,2026-07-23,59,36.7181294311099,2166.369636435484,0,57.2637247625709,37.29713597300073,0,4.436261574073805,3,23,7,3,30,0.43388373911755823,-0.900968867902419,-0.4999999999999998,-0.8660254037844388
rest_001,2026-07-24,123,40.19975555344461,4944.569933073687,0,53.98233830030375,42.11830799376072,0,6.940951829823313,4,24,7,3,30,-0.433883739117558,-0.9009688679024191,-0.4999999999999998,-0.8660254037844388
rest_001,2026-07-25,85,31.48205269542893,2675.974479111459,1,56.19250506106547,36.69394675553302,0,4.890272250931108,5,25,7,3,30,-0.9749279121818236,-0.2225209339563146,-0.4999999999999998,-0.8660254037844388
rest_001,2026-07-26,83,29.6801432497926,2463.4518897327857,1,54.96102503330564,34.684422996915934,0,11.939205546766143,6,26,7,3,30,-0.7818314824680299,0.6234898018587334,-0.4999999999999998,-0.8660254037844388
rest_001,2026-07-27,50,37.14204736189877,1857.1023680949384,0,47.35501814599856,42.564295477527885,1,8.151607446782018,0,27,7,3,31,0.0,1.0,-0.4999999999999998,-0.8660254037844388
rest_001,2026-07-28,51,36.35208071878191,1853.9561166578776,0,48.38871911200525,38.63985213878155,0,8.511491705121292,1,28,7,3,31,0.7818314824680298,0.6234898018587336,-0.4999999999999998,-0.8660254037844388
rest_001,2026-07-29,58,36.58471783733927,2121.9136345656775,0,54.61833415544713,55.921796015657705,1,7.324560417949936,2,29,7,3,31,0.9749279121818236,-0.22252093395631434,-0.4999999999999998,-0.8660254037844388
rest_001,2026-07-30,58,38.812138081409515,2251.104008721752,0,53.62866117369005,20.0,0,8.592736766154223,3,30,7,3,31,0.43388373911755823,-0.900968867902419,-0.4999999999999998,-0.8660254037844388
rest_001,2026-07-31,78,36.996981479888525,2885.764555431305,0,50.17003788800546,51.189614377050816,1,15.394632907573051,4,31,7,3,31,-0.433883739117558,-0.9009688679024191,-0.4999999999999998,-0.8660254037844388
rest_001,2026-08-01,79,36.93994245564834,2918.255453996219,1,50.5618006476284,52.43601565606078,1,7.099579146822526,5,1,8,3,31,-0.9749279121818236,-0.2225209339563146,-0.8660254037844384,-0.5000000000000004
rest_001,2026-08-02,89,38.03827489899405,3385.40646601047,1,56.06707665862507,20.0,1,6.048760895870019,6,2,8,3,31,-0.7818314824680299,0.6234898018587334,-0.8660254037844384,-0.5000000000000004
rest_001,2026-08-03,51,37.283579044263945,1901.4625312574613,0,46.427542092582186,35.958523095957844,1,9.589079398716327,0,3,8,3,32,0.0,1.0,-0.8660254037844384,-0.5000000000000004
rest_001,2026-08-04,57,38.54393305759679,2197.004184283017,0,51.830678135037175,35.38078256922907,1,0.4228440991925355,1,4,8,3,32,0.7818314824680298,0.6234898018587336,-0.8660254037844384,-0.5000000000000004
rest_001,2026-08-05,53,39.080248927963964,2071.25319318209,0,47.79725148962701,24.733097804618264,0,8.1918703607328,2,5,8,3,32,0.9749279121818236,-0.22252093395631434,-0.8660254037844384,-0.5000000000000004
rest_001,2026-08-06,53,40.93749524440525,2169.687247953478,0,47.436148625777406,30.74638776600476,0,6.8848612901212976,3,6,8,3,32,0.43388373911755823,-0.900968867902419,-0.8660254037844384,-0.5000000000000004
rest_001,2026-08-07,87,33.19537079659194,2887.9972593034986,0,53.738179214086486,27.138536499492247,0,5.023060201891717,4,7,8,3,32,-0.433883739117558,-0.9009688679024191,-0.8660254037844384,-0.5000000000000004
rest_001,2026-08-08,85,37.20599548130815,3162.5096159111927,1,52.09460048044169,55.490223169737774,1,9.523273010934501,5,8,8,3,32,-0.9749279121818236,-0.2225209339563146,-0.8660254037844384,-0.5000000000000004
rest_001,2026-08-09,85,34.1853520414796,2905.7549235257657,1,51.761856180736636,47.05109193220805,0,8.161965255337378,6,9,8,3,32,-0.7818314824680299,0.6234898018587334,-0.8660254037844384,-0.5000000000000004
rest_001,2026-08-10,62,32.5408655951586,2017.5336668998332,0,53.952137743854955,50.1402946580249,1,2.592773277517349,0,10,8,3,33,0.0,1.0,-0.8660254037844384,-0.5000000000000004
rest_001,2026-08-11,55,33.0521318601647,1817.8672523090586,0,47.26392494343253,44.37562637570108,0,6.060411436422687,1,11,8,3,33,0.7818314824680298,0.6234898018587336,-0.8660254037844384,-0.5000000000000004
rest_001,2026-08-12,58,37.257092087343416,2160.9113410659184,0,50.306637712293124,25.606355143646013,0,0.6648136155781739,2,12,8,3,33,0.9749279121818236,-0.22252093395631434,-0.8660254037844384,-0.5000000000000004
rest_001,2026-08-13,53,36.9847965694903,1960.1942181829859,0,45.08738893276205,31.3935200529316,0,8.87980794240051,3,13,8,3,33,0.43388373911755823,-0.900968867902419,-0.8660254037844384,-0.5000000000000004
rest_001,2026-08-14,81,36.92146270379645,2990.6384790075126,0,48.005363572901885,41.27827742273886,0,8.849898255320472,4,14,8,3,33,-0.433883739117558,-0.9009688679024191,-0.8660254037844384,-0.5000000000000004
rest_001,2026-08-15,78,34.69871655112887,2706.499890988052,1,45.483660190422036,23.913097373341003,0,5.6201543184989795,5,15,8,3,33,-0.9749279121818236,-0.2225209339563146,-0.8660254037844384,-0.5000000000000004
rest_001,2026-08-16,80,35.51212236668336,2840.9697893346683,1,46.373307622820036,43.01831209958033,0,9.62033813504938,6,16,8,3,33,-0.7818314824680299,0.6234898018587334,-0.8660254037844384,-0.5000000000000004
rest_001,2026-08-17,58,38.403022070359974,2227.3752800808784,0,48.62224685366533,33.243207744899415,0,4.152504136635433,0,17,8,3,34,0.0,1.0,-0.8660254037844384,-0.5000000000000004
rest_001,2026-08-18,50,30.212654638244963,1510.6327319122481,0,41.31774550210289,31.660640842774278,0,5.100448922195021,1,18,8,3,34,0.7818314824680298,0.6234898018587336,-0.8660254037844384,-0.5000000000000004
rest_001,2026-08-19,66,35.58747944942147,2348.773643661817,0,55.63749616145539,42.285159465063,0,9.251571393147692,2,19,8,3,34,0.9749279121818236,-0.22252093395631434,-0.8660254037844384,-0.5000000000000004
rest_001,2026-08-20,49,35.8193443258501,1755.147871966655,0,39.916576541861325,39.38929656422023,0,5.93399973511117,3,20,8,3,34,0.43388373911755823,-0.900968867902419,-0.8660254037844384,-0.5000000000000004
rest_001,2026-08-21,104,38.17423015522566,3970.1199361434683,0,38.651284680250484,31.112566085998342,1,7.812029131392666,4,21,8,3,34,-0.433883739117558,-0.9009688679024191,-0.8660254037844384,-0.5000000000000004
rest_001,2026-08-22,88,30.70661813760297,2702.1823961090613,1,50.292873540159526,46.09561720630167,0,6.309052917720972,5,22,8,3,34,-0.9749279121818236,-0.2225209339563146,-0.8660254037844384,-0.5000000000000004
rest_001,2026-08-23,85,40.80772479658681,3468.656607709879,1,48.24531636824039,23.476369622426738,0,6.767206531102448,6,23,8,3,34,-0.7818314824680299,0.6234898018587334,-0.8660254037844384,-0.5000000000000004
rest_001,2026-08-24,58,36.25838800672121,2102.9865043898303,0,47.196941809608475,40.235698793790334,0,6.898327352135021,0,24,8,3,35,0.0,1.0,-0.8660254037844384,-0.5000000000000004
rest_001,2026-08-25,58,36.44636094076702,2113.8889345644875,0,47.012128619902505,39.801413653264945,0,5.879729728345467,1,25,8,3,35,0.7818314824680298,0.6234898018587336,-0.8660254037844384,-0.5000000000000004
rest_001,2026-08-26,55,34.07510186147059,1874.1306023808827,0,43.60800510684711,30.57377457794178,0,8.907349143080372,2,26,8,3,35,0.9749279121818236,-0.22252093395631434,-0.8660254037844384,-0.5000000000000004
rest_001,2026-08-27,50,37.4099793595288,1870.4989679764399,0,38.98664416809265,36.73424624794299,0,6.116214539738152,3,27,8,3,35,0.43388373911755823,-0.900968867902419,-0.8660254037844384,-0.5000000000000004
rest_001,2026-08-28,80,35.67023687850502,2853.618950280402,0,43.66051320259591,20.77035464777424,0,8.047060141386806,4,28,8,3,35,-0.433883739117558,-0.9009688679024191,-0.8660254037844384,-0.5000000000000004
rest_001,2026-08-29,74,39.791885901577956,2944.599556716769,1,39.70921029537818,42.33528904500775,0,5.81380495587679,5,29,8,3,35,-0.9749279121818236,-0.2225209339563146,-0.8660254037844384,-0.5000000000000004
rest_001,2026-08-30,87,30.382695419374166,2643.2945014855522,1,47.789155272092216,31.064535240573573,0,3.397104120846624,6,30,8,3,35,-0.7818314824680299,0.6234898018587334,-0.8660254037844384,-0.5000000000000004
rest_001,2026-08-31,54,36.1231876961113,1950.6521355900104,0,42.00187053149108,27.509927233811375,1,10.7373057477775,0,31,8,3,36,0.0,1.0,-0.8660254037844384,-0.5000000000000004
rest_001,2026-09-01,42,36.950218836739865,1551.9091911430744,0,38.43838764185101,43.055965884182456,1,9.498580955286226,1,1,9,3,36,0.7818314824680298,0.6234898018587336,-1.0,-1.8369701987210297e-16
rest_001,2026-09-02,44,34.838378000011026,1532.8886320004851,0,40.79282671226432,25.356319015101697,0,14.866046206393015,2,2,9,3,36,0.9749279121818236,-0.22252093395631434,-1.0,-1.8369701987210297e-16
rest_001,2026-09-03,48,34.063436327259986,1635.0449437084794,0,44.30351081878827,20.0,0,4.868081480005225,3,3,9,3,36,0.43388373911755823,-0.900968867902419,-1.0,-1.8369701987210297e-16
rest_001,2026-09-04,62,34.21150165966109,2121.1131028989876,0,39.26459142128195,20.0,0,7.373118538003908,4,4,9,3,36,-0.433883739117558,-0.9009688679024191,-1.0,-1.8369701987210297e-16
rest_001,2026-09-05,61,36.11996940625579,2203.318133781603,1,37.82178197567416,37.99298346696271,0,7.614477557432583,5,5,9,3,36,-0.9749279121818236,-0.2225209339563146,-1.0,-1.8369701987210297e-16
rest_001,2026-09-06,68,29.074645901518494,1977.0759213032575,1,43.00634345557524,20.0,1,10.968108314846393,6,6,9,3,36,-0.7818314824680299,0.6234898018587334,-1.0,-1.8369701987210297e-16
rest_001,2026-09-07,47,38.925803111774464,1829.5127462533999,0,42.873160334355745,49.19626929865578,0,6.478676317602175,0,7,9,3,37,0.0,1.0,-1.0,-1.8369701987210297e-16
rest_001,2026-09-08,43,33.79553186967973,1453.2078703962284,0,38.97946967928248,20.0,0,4.486874437472436,1,8,9,3,37,0.7818314824680298,0.6234898018587336,-1.0,-1.8369701987210297e-16
rest_001,2026-09-09,44,35.95369957565208,1581.9627813286916,0,39.0303298511488,48.35008506214079,0,11.623427925383007,2,9,9,3,37,0.9749279121818236,-0.22252093395631434,-1.0,-1.8369701987210297e-16
rest_001,2026-09-10,47,36.803213047097636,1729.751013213589,0,42.422622760879555,33.372547746117554,0,7.050049912216316,3,10,9,3,37,0.43388373911755823,-0.900968867902419,-1.0,-1.8369701987210297e-16
rest_001,2026-09-11,57,33.633390875039005,1917.1032798772233,0,33.904355424704974,30.177646013487664,0,10.635930529178129,4,11,9,3,37,-0.433883739117558,-0.9009688679024191,-1.0,-1.8369701987210297e-16
rest_001,2026-09-12,57,35.03481365515356,1996.9843783437532,1,33.99544952787379,25.58357753166707,0,10.286595202376635,5,12,9,3,37,-0.9749279121818236,-0.2225209339563146,-1.0,-1.8369701987210297e-16
rest_001,2026-09-13,62,28.27489714577946,1753.0436230383264,1,37.334158961128914,34.9177412109118,0,7.910328578293101,6,13,9,3,37,-0.7818314824680299,0.6234898018587334,-1.0,-1.8369701987210297e-16
rest_001,2026-09-14,45,38.099038806032404,1714.456746271458,0,39.75840790169484,30.449296636005588,0,7.477058884895756,0,14,9,3,38,0.0,1.0,-1.0,-1.8369701987210297e-16
rest_001,2026-09-15,47,39.33424495114369,1848.7095127037533,0,42.28512685670705,41.763607848882245,0,6.8253055810105865,1,15,9,3,38,0.7818314824680298,0.6234898018587336,-1.0,-1.8369701987210297e-16
rest_001,2026-09-16,53,29.461472890617426,1561.4580632027235,0,48.01802542426648,31.783520826139114,0,7.954420613690032,2,16,9,3,38,0.9749279121818236,-0.22252093395631434,-1.0,-1.8369701987210297e-16
rest_001,2026-09-17,50,34.05695028772827,1702.8475143864134,0,44.845934183428874,32.060653682037554,0,10.589300678511893,3,17,9,3,38,0.43388373911755823,-0.900968867902419,-1.0,-1.8369701987210297e-16
rest_001,2026-09-18,65,31.13396370724511,2023.707640970932,0,39.6800963375355,26.843666865214075,0,5.610679456821262,4,18,9,3,38,-0.433883739117558,-0.9009688679024191,-1.0,-1.8369701987210297e-16
rest_001,2026-09-19,66,34.86902185871971,2301.355442675501,1,40.31264512757676,29.838269929879527,0,8.326536890627361,5,19,9,3,38,-0.9749279121818236,-0.2225209339563146,-1.0,-1.8369701987210297e-16
rest_001,2026-09-20,60,37.80265898825941,2268.1595392955646,1,35.32882213721131,33.419486649320945,0,4.644105715403577,6,20,9,3,38,-0.7818314824680299,0.6234898018587334,-1.0,-1.8369701987210297e-16
rest_001,2026-09-21,46,39.00494659236102,1794.2275432486072,0,40.188471320761444,20.0,0,5.017681300873422,0,21,9,3,39,0.0,1.0,-1.0,-1.8369701987210297e-16
rest_001,2026-09-22,45,39.482578822465314,1776.716047010939,0,38.7831550007525,20.0,0,7.907183008533128,1,22,9,3,39,0.7818314824680298,0.6234898018587336,-1.0,-1.8369701987210297e-16
rest_001,2026-09-23,47,40.152430577657356,1887.1642371498956,0,41.791311521821356,37.61035966035806,1,2.1195259751185045,2,23,9,3,39,0.9749279121818236,-0.22252093395631434,-1.0,-1.8369701987210297e-16
rest_001,2026-09-24,42,34.710434636482745,1457.8382547322753,0,35.9987082968901,31.843517395931134,0,14.181675849848155,3,24,9,3,39,0.43388373911755823,-0.900968867902419,-1.0,-1.8369701987210297e-16
rest_001,2026-09-25,70,31.42829686799629,2199.9807807597404,0,42.694626349191914,28.25806041445926,0,4.420820135269291,4,25,9,3,39,-0.433883739117558,-0.9009688679024191,-1.0,-1.8369701987210297e-16
rest_001,2026-09-26,77,35.09320443390671,2702.1767414108167,1,47.73051652992949,30.25116129557053,0,7.87973446203034,5,26,9,3,39,-0.9749279121818236,-0.2225209339563146,-1.0,-1.8369701987210297e-16
rest_001,2026-09-27,102,37.748099633177695,3850.306162584125,1,39.49785604040787,33.51747383630887,0,11.504653165450593,6,27,9,3,39,-0.7818314824680299,0.6234898018587334,-1.0,-1.8369701987210297e-16
rest_001,2026-09-28,48,31.143227777730957,1494.874933331086,0,42.03096429879404,24.624808885205717,0,5.411283983748505,0,28,9,3,40,0.0,1.0,-1.0,-1.8369701987210297e-16
rest_001,2026-09-29,49,41.393486184741256,2028.2808230523215,0,43.459794344808415,22.226027132229728,0,1.0919090313658506,1,29,9,3,40,0.7818314824680298,0.6234898018587336,-1.0,-1.8369701987210297e-16
